-0.7412205934524536	1.1374752521514893	-1.6950726509094238	0.6609637141227722	1.1108534336090088	0.251692533493042	1.051054835319519	0.23694755136966705	0.6233644485473633	0.3141399919986725	0.10178972780704498	1.2412859201431274	0.7539688348770142	-0.06675198674201965	-0.2555665075778961	0.08528713881969452	0.004699919372797012	0.6421012282371521	-1.278594970703125	-0.32835978269577026	1.4835689067840576	0.277660071849823	-0.4320126175880432	-0.49635744094848633	0.7749133706092834	-0.3314465880393982	-0.4819830358028412	-0.014498417265713215	1.1849371194839478	-0.3659003674983978	0.3529321849346161	0.005983512848615646	-1.8682044744491577	-0.9409980773925781	0.9487464427947998	0.5222233533859253	0.28663596510887146	-0.3937094807624817	-1.347834587097168	-0.2048969715833664	0.6389939785003662	-0.8952296376228333	0.137586310505867	1.4475688934326172	-0.38639330863952637	-0.6837396621704102	-0.40935203433036804	-1.333573341369629	1.143803358078003	-0.3294859230518341	-0.3724333643913269	1.2357323169708252	-1.2986786365509033	0.0459865964949131	0.6715494394302368	0.10267523676156998	1.0480307340621948	-0.09352118521928787	0.4074573516845703	0.4152657389640808	0.5941150784492493	0.049302469938993454	0.8784668445587158	0.04876581206917763	0.6643881797790527	-0.38064607977867126	-0.9091230034828186	0.058563392609357834	0.995448887348175	0.2980099022388458	1.5829923152923584	-0.21444426476955414	-0.7330049276351929	-0.3535402715206146	-0.956246554851532	-0.5204582810401917	-0.4929908514022827	0.40640532970428467	0.09658745676279068	1.0650203227996826	-0.2779487669467926	0.1848313808441162	1.0268901586532593	-0.48954498767852783	-0.6522485613822937	0.35235700011253357	1.163684606552124	0.8114981651306152	-0.35296523571014404	0.011491194367408752	1.5223027467727661	-1.4214588403701782	-0.6379163265228271	0.5958764553070068	-0.19836947321891785	0.14523963630199432	-0.10973910987377167	0.9337514638900757	0.9495998620986938	-0.05403066426515579	-0.19063197076320648	-2.0897281169891357	-0.8848841190338135	0.45776695013046265	-0.15943296253681183	-0.7496027946472168	-1.4511489868164062	-0.9490528702735901	-1.290350317955017	0.7859354615211487	0.4288264811038971	0.8992799520492554	0.94270920753479	1.1273952722549438	-0.7036923170089722	0.793475866317749	-0.36322230100631714	-0.23168812692165375	0.35986459255218506	-0.7004165649414062	-0.004490222781896591	-0.45260700583457947	-0.4498257339000702	-0.08046354353427887	-0.44093751907348633	0.3528047502040863	-0.32958245277404785	-1.8292629718780518
-2.1633596420288086	-0.7830898761749268	-2.1458308696746826	2.300570487976074	-0.02450808882713318	-0.47065722942352295	0.9988203644752502	-0.6110264658927917	2.3146309852600098	0.04105609655380249	-1.1190303564071655	-0.5720027685165405	1.9492034912109375	-0.1259731650352478	-2.629162549972534	0.11334192752838135	-2.9124655723571777	2.107194662094116	-0.48635441064834595	-0.11618682742118835	2.3007843494415283	0.9810490608215332	1.4563218355178833	-0.221420556306839	1.1315487623214722	0.8187987208366394	-1.3258728981018066	2.660531997680664	-0.30733147263526917	1.829168677330017	2.4944956302642822	-1.6603515148162842	-2.870075225830078	-1.3096716403961182	0.9140474796295166	-0.6786954402923584	-2.258240222930908	1.383154273033142	-0.17940472066402435	1.1770588159561157	3.5826032161712646	1.1947437524795532	0.8102338314056396	0.500245988368988	0.25179237127304077	-0.03522288054227829	0.5769768357276917	-1.9832701683044434	1.2300561666488647	2.7642929553985596	-1.364862322807312	-0.35742488503456116	-0.832200825214386	1.8934252262115479	0.9081624746322632	-0.10945671051740646	-0.305402934551239	-2.7873764038085938	-0.9914947748184204	0.6749001741409302	1.8154710531234741	1.0119978189468384	1.1775740385055542	-3.337780237197876	-1.4634488821029663	-2.228208065032959	-1.0361112356185913	-2.9347357749938965	0.9038661122322083	-0.05752012878656387	3.641906976699829	-0.5803110003471375	0.04061131179332733	-2.2376887798309326	1.5972634553909302	-2.9902946949005127	0.1636471003293991	-1.1217724084854126	-1.625040054321289	0.3496357500553131	1.896363377571106	0.7873453497886658	0.8284925222396851	-1.5691702365875244	-0.5135868787765503	1.5077861547470093	1.5240552425384521	0.8565912842750549	-0.35567545890808105	-2.2081854343414307	0.34724509716033936	-1.6593575477600098	0.8982098698616028	0.6267225742340088	-0.0049944184720516205	-2.84655499458313	-0.4872859716415405	-0.4337046444416046	1.808791160583496	1.0786162614822388	-1.3904953002929688	-1.9857354164123535	-4.281492710113525	1.8703820705413818	-0.5999881625175476	-0.2940855622291565	-1.8979021310806274	-2.7419958114624023	-0.9850368499755859	-1.7317806482315063	0.7377722859382629	3.9383301734924316	2.014169216156006	0.23415787518024445	-0.2956485152244568	-0.9430372714996338	0.6771346926689148	0.18112516403198242	1.601869821548462	-2.5769596099853516	0.9982244968414307	1.9073717594146729	1.6898446083068848	-1.9218595027923584	1.0534998178482056	0.9628722071647644	-1.329565405845642	-3.6708219051361084
-2.122267723083496	-0.7442129850387573	-2.118967056274414	2.2532358169555664	-0.02660277485847473	-0.4624518156051636	0.977870523929596	-0.5795038938522339	2.29510235786438	0.035736650228500366	-1.1238795518875122	-0.5529021620750427	1.9181506633758545	-0.12262161821126938	-2.571093797683716	0.10741706192493439	-2.8546948432922363	2.0783045291900635	-0.487132728099823	-0.12447822093963623	2.2709827423095703	0.9661452770233154	1.4004878997802734	-0.23243406414985657	1.1077007055282593	0.8015450835227966	-1.3122754096984863	2.6024832725524902	-0.27554598450660706	1.774263858795166	2.436011791229248	-1.622239589691162	-2.8234798908233643	-1.2763862609863281	0.9122862815856934	-0.6676177978515625	-2.2102317810058594	1.3369420766830444	-0.17380307614803314	1.1703068017959595	3.516650676727295	1.1634430885314941	0.7859618663787842	0.5238208174705505	0.24598921835422516	-0.012751452624797821	0.5561007261276245	-1.9496345520019531	1.2227684259414673	2.680260419845581	-1.3461443185806274	-0.3337338864803314	-0.8225457668304443	1.8474993705749512	0.890057384967804	-0.09706812351942062	-0.2730192542076111	-2.7141571044921875	-0.9758539199829102	0.6701737642288208	1.7678093910217285	0.9965282678604126	1.1650108098983765	-3.2563986778259277	-1.4006283283233643	-2.184950590133667	-1.0187894105911255	-2.870840311050415	0.915205180644989	-0.05843088775873184	3.5744218826293945	-0.5518814325332642	0.015423193573951721	-2.1882150173187256	1.521133303642273	-2.9333648681640625	0.1576390415430069	-1.106942892074585	-1.5874176025390625	0.38658490777015686	1.874658226966858	0.7755951285362244	0.8160977363586426	-1.544043779373169	-0.5252047777175903	1.4715889692306519	1.5040693283081055	0.848181962966919	-0.34734106063842773	-2.1516342163085938	0.37150540947914124	-1.6551328897476196	0.8612902164459229	0.613024115562439	-0.0035009384155273438	-2.777461051940918	-0.4724045991897583	-0.4056507647037506	1.7690091133117676	1.0413377285003662	-1.3638997077941895	-1.97787606716156	-4.215261936187744	1.8367987871170044	-0.591593861579895	-0.3208303153514862	-1.8941389322280884	-2.6858229637145996	-0.965943455696106	-1.6731964349746704	0.731154203414917	3.853283643722534	1.9740995168685913	0.24909162521362305	-0.3206697404384613	-0.9223501086235046	0.6600911021232605	0.1813361942768097	1.5906072854995728	-2.5031328201293945	0.9617412090301514	1.8679392337799072	1.65361487865448	-1.8948299884796143	1.0122562646865845	0.9512550234794617	-1.316948652267456	-3.610121011734009
-1.608543038368225	-0.13767942786216736	-1.93281090259552	1.7048542499542236	0.15323206782341003	-0.3800610303878784	0.8361682295799255	-0.24944773316383362	1.9619605541229248	0.02888551354408264	-0.9112786650657654	-0.1903192400932312	1.5100140571594238	-0.03962656110525131	-1.8325115442276	0.09684684872627258	-2.066505193710327	1.6583051681518555	-0.6541604399681091	-0.23029471933841705	1.9480600357055664	0.7501006126403809	0.8089300394058228	-0.3092395067214966	0.8786800503730774	0.47482380270957947	-1.0950590372085571	1.8341666460037231	0.17122597992420197	1.1262692213058472	1.6741101741790771	-1.0832563638687134	-2.3087053298950195	-1.0243122577667236	0.9072684049606323	-0.44711926579475403	-1.4622607231140137	0.7751100063323975	-0.29056718945503235	0.9755088090896606	2.6789705753326416	0.6463433504104614	0.5243788957595825	0.7583038806915283	0.06976844370365143	0.03461206704378128	0.2523033320903778	-1.614861011505127	1.1800141334533691	1.728973627090454	-1.0996640920639038	0.04284455254673958	-0.8323277831077576	1.1750826835632324	0.737387478351593	-0.025877783074975014	0.18008005619049072	-1.835840106010437	-0.6179825067520142	0.6240534782409668	1.308042287826538	0.7189834117889404	1.1045489311218262	-2.2050626277923584	-0.7338146567344666	-1.653120517730713	-0.8995354175567627	-2.081592321395874	1.009310245513916	0.07753270119428635	2.878103494644165	-0.33592459559440613	-0.20432400703430176	-1.6491360664367676	0.6204001903533936	-2.2417490482330322	-0.03445001691579819	-0.7787957191467285	-1.0259101390838623	0.6959547996520996	1.3257414102554321	0.5574929118156433	0.7942315340042114	-1.2567288875579834	-0.6372634172439575	1.1435554027557373	1.2901016473770142	0.7847394347190857	-0.30909425020217896	-1.4201509952545166	0.6885180473327637	-1.5956605672836304	0.318835586309433	0.45446741580963135	-0.03149188309907913	-1.9399226903915405	-0.33314284682273865	0.0327204167842865	1.3841819763183594	0.6546401977539062	-0.9705082774162292	-2.008169174194336	-3.3062984943389893	1.399912714958191	-0.43288588523864746	-0.6193974018096924	-1.874528169631958	-2.1118478775024414	-0.8831502199172974	-0.8464270830154419	0.6189380884170532	2.854302167892456	1.5676000118255615	0.40415695309638977	-0.526368260383606	-0.4670286774635315	0.37225186824798584	0.15244735777378082	1.3708151578903198	-1.7527132034301758	0.5816582441329956	1.2662370204925537	1.0654816627502441	-1.3947179317474365	0.4477090835571289	0.813337504863739	-1.0802809000015259	-2.954655885696411
-1.011816143989563	-0.013683825731277466	-1.288878083229065	1.2619044780731201	-0.18199312686920166	-0.0781453549861908	0.5676894187927246	-0.030549224466085434	1.3528861999511719	0.13904540240764618	-1.388328194618225	-0.1712648570537567	1.2670269012451172	-0.026567913591861725	-1.1921467781066895	-0.035635340958833694	-1.4798271656036377	1.4221279621124268	-0.2660965025424957	-0.018311340361833572	1.3157540559768677	0.5919165015220642	0.3175165057182312	-0.5713352560997009	0.5010228157043457	0.6825331449508667	-0.981268584728241	1.3238540887832642	0.40084517002105713	0.5808239579200745	1.1114161014556885	-0.7965736389160156	-1.4773157835006714	-0.4667435884475708	0.8238657712936401	-0.18866854906082153	-1.000585913658142	0.25490155816078186	-0.1684400886297226	1.0218162536621094	1.6410647630691528	0.5909833908081055	0.22196607291698456	1.085937738418579	0.14983715116977692	0.5190300941467285	0.20510776340961456	-0.879456102848053	0.8501815795898438	0.5443769097328186	-0.7343190312385559	0.11462439596652985	-0.38785097002983093	0.74749755859375	0.5232346057891846	0.1659543514251709	0.23033839464187622	-1.013210415840149	-0.7242879867553711	0.15531252324581146	0.6772595643997192	0.45645421743392944	0.8292208313941956	-1.4161131381988525	0.10099683701992035	-0.7313642501831055	-0.2619124948978424	-1.31409752368927	0.987714946269989	-0.1109735369682312	1.608673095703125	0.0632261261343956	-0.4695538878440857	-0.8599500060081482	-0.23692907392978668	-1.3615007400512695	0.028612803667783737	-0.750626266002655	-0.8108925223350525	1.1906583309173584	1.3593612909317017	0.3724581003189087	0.45991528034210205	-0.7706177234649658	-0.8569372892379761	0.6257109045982361	1.0327060222625732	0.4385252892971039	-0.12140539288520813	-0.7208269834518433	0.6623063087463379	-1.4159165620803833	0.2585974335670471	0.3364507853984833	0.30217716097831726	-1.131070613861084	-0.1642889827489853	0.1974395215511322	0.7017167806625366	0.22515082359313965	-0.6406694650650024	-1.428384780883789	-2.3506529331207275	1.174904704093933	-0.42913323640823364	-0.8335065245628357	-1.6609083414077759	-1.1483362913131714	-0.4354298710823059	-0.3093405067920685	0.8322914242744446	1.5613948106765747	0.9015462398529053	0.6377018690109253	-0.8054237365722656	-0.609600841999054	0.3688925504684448	0.27740803360939026	1.206257700920105	-0.5822553634643555	0.1304766684770584	1.0009875297546387	0.9183997511863708	-1.2645809650421143	0.2920396327972412	0.5118041634559631	-1.0389260053634644	-1.9272890090942383
-1.2420328855514526	0.3670588731765747	-1.882043719291687	1.3288249969482422	0.46784529089927673	-0.23121024668216705	0.8831924796104431	-0.05515976622700691	1.5557835102081299	0.11588042974472046	-0.5855204463005066	0.25060170888900757	1.2063674926757812	-0.009855709969997406	-1.2533608675003052	0.1315634697675705	-1.3442716598510742	1.2894307374954224	-0.8729634284973145	-0.2820191979408264	1.7464406490325928	0.6266931295394897	0.34390145540237427	-0.3778054118156433	0.758705198764801	0.1749507337808609	-0.9273281097412109	1.2018932104110718	0.5778371095657349	0.5652739405632019	1.1121561527252197	-0.6607860922813416	-2.0669820308685303	-0.9286693334579468	0.9375845193862915	-0.11876578629016876	-0.797864556312561	0.3502463102340698	-0.6046510338783264	0.6389073133468628	1.9336172342300415	0.08711118996143341	0.3846575617790222	0.999137282371521	-0.10708728432655334	-0.14397037029266357	-0.018042685464024544	-1.4497878551483154	1.1839642524719238	0.9840437173843384	-0.8053854703903198	0.44111156463623047	-0.9552394151687622	0.6850955486297607	0.6862083077430725	0.04865206778049469	0.4983893036842346	-1.1698609590530396	-0.24006806313991547	0.5409706830978394	1.0340180397033691	0.4891761839389801	1.0468941926956177	-1.3365401029586792	-0.18842053413391113	-1.1681197881698608	-0.8800064325332642	-1.3519248962402344	1.0482453107833862	0.22064271569252014	2.380408763885498	-0.2655262053012848	-0.35376888513565063	-1.206660270690918	-0.04728607460856438	-1.6529669761657715	-0.23903033137321472	-0.40497854351997375	-0.5712702870368958	0.8999562859535217	0.7396049499511719	0.40697139501571655	0.820804238319397	-0.9983194470405579	-0.6971275806427002	0.8600357174873352	1.2279253005981445	0.7924807667732239	-0.31585198640823364	-0.9019418954849243	0.99753737449646	-1.5415681600570679	-0.1006590723991394	0.4579898715019226	-0.07947560399770737	-1.204375982284546	-0.25119465589523315	0.411660760641098	1.1571481227874756	0.41529616713523865	-0.6623173356056213	-2.065702199935913	-2.4143924713134766	1.0462716817855835	-0.3493364453315735	-0.7877472043037415	-1.8120884895324707	-1.6897532939910889	-0.9558555483818054	-0.18773166835308075	0.5809869170188904	2.0950965881347656	1.3449198007583618	0.6121203899383545	-0.6371307373046875	-0.028027400374412537	0.07393349707126617	0.07142112404108047	1.0632249116897583	-1.2689764499664307	0.32770484685897827	0.663043737411499	0.5204694271087646	-0.9339637160301208	0.052141234278678894	0.6718531250953674	-0.8076449632644653	-2.5323026180267334
-2.250621795654297	-0.866304874420166	-2.1956396102905273	2.3927981853485107	-0.033373743295669556	-0.4784722924232483	1.045249342918396	-0.6727533936500549	2.366219997406006	0.04559224843978882	-1.1254868507385254	-0.6138935089111328	2.0186145305633545	-0.13215577602386475	-2.7446558475494385	0.11633734405040741	-3.0275521278381348	2.1769204139709473	-0.47401273250579834	-0.09261320531368256	2.3689818382263184	1.009006142616272	1.555701732635498	-0.20288372039794922	1.1780098676681519	0.8600009083747864	-1.360516905784607	2.776824712753296	-0.3612990975379944	1.9294326305389404	2.620319366455078	-1.747779369354248	-2.956559896469116	-1.3800005912780762	0.9207336902618408	-0.6977728605270386	-2.3580780029296875	1.4711917638778687	-0.18227320909500122	1.202541470527649	3.719318151473999	1.2671446800231934	0.8594227433204651	0.465201199054718	0.2763044238090515	-0.06439890712499619	0.6215556263923645	-2.0512232780456543	1.2488949298858643	2.9185094833374023	-1.4014408588409424	-0.4082257151603699	-0.8430227637290955	1.9868600368499756	0.9467006325721741	-0.12687957286834717	-0.3672347664833069	-2.9357802867889404	-1.0246453285217285	0.6773486137390137	1.9017454385757446	1.0527012348175049	1.2009435892105103	-3.5071165561676025	-1.581895112991333	-2.305058717727661	-1.0714776515960693	-3.0623984336853027	0.8906817436218262	-0.06047571450471878	3.7693827152252197	-0.6305167078971863	0.07919676601886749	-2.328172445297241	1.735217571258545	-3.0958099365234375	0.18162952363491058	-1.1537175178527832	-1.7032885551452637	0.2975965440273285	1.9578801393508911	0.8238309621810913	0.8531039357185364	-1.6234060525894165	-0.5012231469154358	1.5722236633300781	1.5687003135681152	0.8713473677635193	-0.364810585975647	-2.327589511871338	0.29782044887542725	-1.6692421436309814	0.9733807444572449	0.6591397523880005	-0.00779501348733902	-2.9861838817596436	-0.5198750495910645	-0.486307829618454	1.8896172046661377	1.1460188627243042	-1.4507161378860474	-1.9974483251571655	-4.42389440536499	1.9381390810012817	-0.6189296841621399	-0.24365194141864777	-1.912092924118042	-2.8472800254821777	-1.0169249773025513	-1.8520241975784302	0.7575147747993469	4.101495265960693	2.0888113975524902	0.2132815718650818	-0.2524256408214569	-0.9935951828956604	0.7074217200279236	0.18363046646118164	1.6308364868164062	-2.719428300857544	1.0702500343322754	1.9909696578979492	1.773007869720459	-1.9943101406097412	1.13226318359375	0.9795261025428772	-1.3587003946304321	-3.796677827835083
0.6662920713424683	0.2627587914466858	0.2685543894767761	0.4141194820404053	-0.4264802634716034	0.689311146736145	-0.18044579029083252	0.30200886726379395	-0.3208976089954376	0.9646527171134949	-2.1507070064544678	0.02818606048822403	0.8381519317626953	0.22433805465698242	0.21978549659252167	-0.10721252858638763	0.19892467558383942	0.5811024308204651	0.7239816784858704	0.869196891784668	-0.3421456813812256	0.37506258487701416	0.02997519075870514	-1.5651746988296509	-0.19599932432174683	0.8909561634063721	-0.3753381073474884	-0.08986596018075943	0.47255125641822815	0.21582500636577606	0.27138787508010864	-0.9687823057174683	0.9392080903053284	1.3096853494644165	0.4386139214038849	-0.13344445824623108	-0.23351022601127625	-0.15333455801010132	0.03422369435429573	1.0866785049438477	-0.6383110284805298	0.3730086386203766	-0.4298768639564514	1.466993808746338	0.3906897306442261	1.148655652999878	0.15056608617305756	0.37765341997146606	-0.22427308559417725	-1.556749701499939	0.4190165102481842	0.5816749930381775	1.0245651006698608	-0.2810475528240204	-0.1591382771730423	-0.5041075348854065	0.49608397483825684	0.45332062244415283	-1.3318893909454346	-1.453802227973938	-0.04426438361406326	-0.2524241805076599	0.5494455695152283	-0.19954082369804382	1.2390698194503784	1.1852577924728394	1.4212605953216553	0.15266594290733337	0.8804444670677185	-0.7177175879478455	-1.0923571586608887	0.3726136386394501	-0.9897029399871826	0.578935444355011	-1.5942070484161377	0.9338728785514832	-0.3633180260658264	-0.933932363986969	-0.47262173891067505	1.8032454252243042	1.5469939708709717	0.019121337682008743	0.3080473244190216	0.4334336519241333	-0.8618913292884827	0.1468983292579651	0.37695789337158203	-0.24378284811973572	0.10844628512859344	0.8295249342918396	0.4462173581123352	-0.6839913129806519	0.226586252450943	0.3087212145328522	1.502675175666809	0.19227196276187897	0.7887945175170898	0.2841336131095886	-0.7923784255981445	-0.7448859214782715	-0.13889309763908386	-0.64937824010849	-0.5171301960945129	0.53068608045578	0.3616418242454529	-1.1410672664642334	-0.3995213210582733	0.6565503478050232	0.43108782172203064	0.6053345203399658	0.6604031324386597	-1.0954469442367554	-0.8140640258789062	0.48013168573379517	-0.836493730545044	-0.7244299054145813	0.5068222284317017	0.8638947010040283	0.45889654755592346	1.4147686958312988	-0.7360662221908569	0.35086745023727417	1.0289934873580933	-1.1543421745300293	0.8462624549865723	-0.6003479361534119	-0.8358052968978882	0.6609402894973755
-0.9369763135910034	0.8157784938812256	-1.8011140823364258	0.9693900942802429	0.8269369602203369	0.04247574508190155	0.9763875007629395	0.10626406967639923	1.0177096128463745	0.2326582670211792	-0.22194220125675201	0.7842206358909607	0.9481136798858643	-0.041646987199783325	-0.6848194003105164	0.11596262454986572	-0.5622536540031433	0.9103285670280457	-1.1366353034973145	-0.30602312088012695	1.5908440351486206	0.4473473131656647	-0.11199741065502167	-0.46410447359085083	0.7485296130180359	-0.12838491797447205	-0.7013903856277466	0.49878057837486267	0.9439848065376282	0.01379752904176712	0.6275443434715271	-0.2196882963180542	-1.9268133640289307	-0.9388290047645569	0.938505232334137	0.25486719608306885	-0.1474936306476593	-0.08989088982343674	-1.0146671533584595	0.19389653205871582	1.1874929666519165	-0.4599565267562866	0.2526583671569824	1.2598154544830322	-0.27235954999923706	-0.4185788035392761	-0.26252734661102295	-1.3579492568969727	1.1846872568130493	0.18841513991355896	-0.5315179228782654	0.8953853845596313	-1.157164454460144	0.27522584795951843	0.6526866555213928	0.09018858522176743	0.8354678750038147	-0.5191652774810791	0.12616468966007233	0.4634515345096588	0.8052624464035034	0.2136712372303009	0.9656333327293396	-0.5125342011451721	0.3462335467338562	-0.6914028525352478	-0.8735132217407227	-0.5315582752227783	1.0390455722808838	0.29059165716171265	1.8599858283996582	-0.20868968963623047	-0.5441816449165344	-0.6974806189537048	-0.6408511400222778	-1.0200121402740479	-0.3968234062194824	0.0666402131319046	-0.192764550447464	1.0383979082107544	0.13198496401309967	0.2604125142097473	0.9287401437759399	-0.6768922209739685	-0.688041627407074	0.5353695750236511	1.1859363317489624	0.7790870666503906	-0.31093358993530273	-0.35426652431488037	1.290942907333374	-1.4738131761550903	-0.44907090067863464	0.5126801133155823	-0.13437673449516296	-0.4251299202442169	-0.18349094688892365	0.7403948903083801	0.9859288930892944	0.16068780422210693	-0.3926815688610077	-2.0819661617279053	-1.51936674118042	0.7112557291984558	-0.25349360704421997	-0.8226014971733093	-1.6352112293243408	-1.2409034967422485	-1.1333316564559937	0.42683058977127075	0.529464066028595	1.3559942245483398	1.1044045686721802	0.9550905227661133	-0.6990021467208862	0.44040346145629883	-0.17338481545448303	-0.06965923309326172	0.672271728515625	-0.8810957670211792	0.12422357499599457	0.025036940351128578	-0.04547565430402756	-0.41375792026519775	-0.25564613938331604	0.5070264339447021	-0.5288021564483643	-2.1098875999450684
-2.0925216674804688	-0.726312518119812	-2.088083267211914	2.218125104904175	-0.0375763475894928	-0.44720256328582764	0.9620416760444641	-0.5583885312080383	2.2729227542877197	0.030627816915512085	-1.1339037418365479	-0.547580361366272	1.8973160982131958	-0.11974775046110153	-2.527107000350952	0.10195223987102509	-2.8114492893218994	2.0578389167785645	-0.4814680218696594	-0.1287536770105362	2.2417991161346436	0.9516772031784058	1.3659926652908325	-0.23877248167991638	1.084053635597229	0.7979212403297424	-1.301878809928894	2.569471836090088	-0.26115623116493225	1.7411938905715942	2.398996591567993	-1.5962971448898315	-2.7796826362609863	-1.2477537393569946	0.902367353439331	-0.6567041277885437	-2.180823802947998	1.3064099550247192	-0.16641244292259216	1.1679798364639282	3.463883638381958	1.1478632688522339	0.7716948986053467	0.5325754880905151	0.24646730720996857	0.008276708424091339	0.5452366471290588	-1.9152230024337769	1.211767554283142	2.622354745864868	-1.3310960531234741	-0.3192746639251709	-0.8038738369941711	1.818561315536499	0.8771700263023376	-0.08619558066129684	-0.25834840536117554	-2.666093349456787	-0.9713258743286133	0.6566261649131775	1.733102560043335	0.9877568483352661	1.147727370262146	-3.204317331314087	-1.3616750240325928	-2.145125150680542	-0.9944396018981934	-2.8287696838378906	0.9168564081192017	-0.06221222132444382	3.513882875442505	-0.5303648114204407	0.00013896822929382324	-2.1533119678497314	1.4761135578155518	-2.8858108520507812	0.15940998494625092	-1.099107027053833	-1.5642590522766113	0.40493813157081604	1.866006851196289	0.7637892365455627	0.8031468987464905	-1.5207384824752808	-0.5291237235069275	1.4467713832855225	1.4899375438690186	0.8393641114234924	-0.33978909254074097	-2.1159536838531494	0.3832605183124542	-1.6448270082473755	0.8440173268318176	0.6071835160255432	0.002413500100374222	-2.7276456356048584	-0.45750248432159424	-0.3924160599708557	1.7363057136535645	1.0168421268463135	-1.3467438220977783	-1.9574329853057861	-4.1617512702941895	1.8136080503463745	-0.5821367502212524	-0.3359359800815582	-1.877558708190918	-2.6414794921875	-0.9493270516395569	-1.6413291692733765	0.7305540442466736	3.786930799484253	1.9428960084915161	0.25375160574913025	-0.33413171768188477	-0.9168686270713806	0.6518441438674927	0.17949989438056946	1.5794458389282227	-2.4454522132873535	0.9378930330276489	1.8437163829803467	1.6327885389328003	-1.8777461051940918	0.991245448589325	0.9367116689682007	-1.311113715171814	-3.553492546081543
-0.6900167465209961	1.4504597187042236	-1.7386642694473267	0.26874980330467224	1.513312816619873	0.444294810295105	1.2249528169631958	0.38903823494911194	0.3380168676376343	0.4747743010520935	0.5590303540229797	1.713258147239685	0.47905591130256653	-0.09021640568971634	0.06441846489906311	0.08641645312309265	0.5466200113296509	0.3391057252883911	-1.472684383392334	-0.34977978467941284	1.4648072719573975	0.04573741555213928	-0.6686574816703796	-0.3866398334503174	0.8007212281227112	-0.6877201199531555	-0.1398448348045349	-0.5366498827934265	1.3196767568588257	-0.7322849631309509	0.14401888847351074	0.19828759133815765	-1.9683095216751099	-1.0262911319732666	0.9906835556030273	0.787877082824707	0.631149172782898	-0.5653711557388306	-1.8367184400558472	-0.8035902380943298	0.16918495297431946	-1.4498542547225952	0.03789392486214638	1.554478406906128	-0.6094355583190918	-1.1594856977462769	-0.5261930823326111	-1.3882689476013184	1.1117359399795532	-0.5796030759811401	-0.2972186803817749	1.667647123336792	-1.5725269317626953	-0.14926283061504364	0.654583752155304	0.15847910940647125	1.2506296634674072	0.16849279403686523	0.8059896230697632	0.5030631422996521	0.48306602239608765	-0.09197750687599182	0.7907288074493408	0.4620015025138855	0.8266373872756958	-0.31666916608810425	-1.2091953754425049	0.6195685267448425	0.8888218998908997	0.28511321544647217	1.5556975603103638	-0.4079776704311371	-0.9246750473976135	-0.13950979709625244	-0.9925096035003662	-0.01801260933279991	-0.601277768611908	0.7423167824745178	0.3691551387310028	0.8810081481933594	-0.7859612703323364	0.21308614313602448	1.1663236618041992	-0.47142869234085083	-0.5203157663345337	0.3019677996635437	1.188819408416748	0.9190270304679871	-0.5389328002929688	0.28395676612854004	1.7595534324645996	-1.3075331449508667	-0.8189751505851746	0.7890166640281677	-0.33206260204315186	0.5550801753997803	-0.024277597665786743	1.0946276187896729	1.107899785041809	-0.19228002429008484	-0.11746745556592941	-2.243349313735962	-0.3421485424041748	0.21910811960697174	-0.03252967819571495	-0.5446864366531372	-1.1597837209701538	-0.8275336027145386	-1.547850251197815	0.9342441558837891	0.23205336928367615	0.7204622030258179	0.930870771408081	1.3334821462631226	-0.5706000328063965	1.2760614156723022	-0.7048503756523132	-0.4711996912956238	-0.01110677421092987	-0.8900067210197449	-0.09789423644542694	-0.9653952717781067	-0.9600527882575989	0.27090996503829956	-0.6053386926651001	0.26781898736953735	-0.10671161115169525	-1.8561937808990479
-1.7351230382919312	-0.3552788197994232	-1.9121696949005127	1.844773530960083	0.020530343055725098	-0.3928822875022888	0.8210194110870361	-0.30906692147254944	2.048285484313965	0.009785830974578857	-1.0641707181930542	-0.3514210879802704	1.6096583604812622	-0.07363104075193405	-2.0221636295318604	0.08321404457092285	-2.3020286560058594	1.7807667255401611	-0.5509790182113647	-0.1945847123861313	1.9920158386230469	0.8058316707611084	0.949970543384552	-0.3058242201805115	0.9070307016372681	0.6002779006958008	-1.152891755104065	2.058260679244995	0.02511707879602909	1.2860020399093628	1.871422290802002	-1.2393383979797363	-2.409398078918457	-1.033322811126709	0.8783290386199951	-0.5256298184394836	-1.7025357484817505	0.9183578491210938	-0.19246788322925568	1.0739063024520874	2.879686117172241	0.8484156727790833	0.5723073482513428	0.7171412706375122	0.14288119971752167	0.12162015587091446	0.3551194965839386	-1.640127420425415	1.1593475341796875	1.9420441389083862	-1.1696757078170776	-0.08888383209705353	-0.7813964486122131	1.3780641555786133	0.7496693730354309	-0.016753921285271645	0.027704626321792603	-2.052342414855957	-0.7883219718933105	0.6250554323196411	1.391676425933838	0.7945195436477661	1.08083975315094	-2.491471290588379	-0.8784043788909912	-1.7739804983139038	-0.8651947975158691	-2.279086112976074	0.9922137260437012	-0.009502172470092773	2.987497329711914	-0.33301377296447754	-0.17243394255638123	-1.7621636390686035	0.8401292562484741	-2.4149980545043945	0.054802317172288895	-0.9291244149208069	-1.2049970626831055	0.6541604995727539	1.5601966381072998	0.6126083731651306	0.7559368014335632	-1.316413402557373	-0.6273109316825867	1.1987979412078857	1.314995288848877	0.7773694396018982	-0.2928372025489807	-1.608141303062439	0.5860029458999634	-1.5985420942306519	0.49856728315353394	0.4762316048145294	0.000692363828420639	-2.1628592014312744	-0.35212647914886475	-0.11330766975879669	1.4189484119415283	0.7176203727722168	-1.0833238363265991	-1.9329490661621094	-3.5620081424713135	1.5246325731277466	-0.47198161482810974	-0.553280770778656	-1.861289143562317	-2.203254461288452	-0.8491598963737488	-1.1041287183761597	0.6618386507034302	3.0703468322753906	1.624466896057129	0.36276739835739136	-0.49851715564727783	-0.6684769988059998	0.48506319522857666	0.17936354875564575	1.4597913026809692	-1.8726165294647217	0.6570450663566589	1.4722254276275635	1.2558091878890991	-1.569154143333435	0.6075177788734436	0.8402445912361145	-1.1791478395462036	-3.074829339981079
0.05585389584302902	1.3978815078735352	-0.8426069617271423	0.1290980875492096	0.8189204931259155	0.4789849519729614	0.8902401328086853	0.565380334854126	-0.5383861064910889	0.2954164743423462	-0.1413547545671463	1.6194747686386108	0.5779609680175781	-0.0011484138667583466	0.43295735120773315	0.10686969757080078	0.9061293601989746	0.34834080934524536	-0.8486055731773376	-0.23235833644866943	1.0346052646636963	-0.00796431116759777	-0.8317210078239441	-0.9831852316856384	0.6564411520957947	0.022936683148145676	-0.021319814026355743	-0.9178369641304016	1.3704659938812256	-0.9598425030708313	-0.1833004504442215	0.09024229645729065	-1.07620108127594	-0.17004047334194183	0.9542981386184692	0.8297012448310852	1.0693976879119873	-0.858150839805603	-1.6426979303359985	-0.2947902977466583	-0.630553662776947	-0.9305568337440491	-0.24576489627361298	1.748755693435669	-0.40289080142974854	-0.36257994174957275	-0.43163713812828064	-0.9484935998916626	0.7251315712928772	-1.726377248764038	0.1398763656616211	1.5331661701202393	-0.8082184791564941	-0.21171942353248596	0.5724721550941467	-0.01122317649424076	1.005738377571106	0.8638017177581787	0.2310531586408615	-0.2258068472146988	0.1671816110610962	-0.31946057081222534	0.5274266600608826	0.9069589972496033	1.517048716545105	0.6175647377967834	-0.05171310529112816	1.143196702003479	1.1237117052078247	0.11466624587774277	0.2779756486415863	0.25821805000305176	-0.949783205986023	0.3565916121006012	-1.784087061882019	0.44611185789108276	-0.6355651021003723	0.8435474038124084	0.2633553743362427	1.4469213485717773	-0.2573578357696533	-0.16338756680488586	1.0762759447097778	0.21926291286945343	-0.8428847193717957	-0.07771256566047668	0.8215739727020264	0.6350156664848328	-0.041392385959625244	0.9420378804206848	1.6096086502075195	-1.0806689262390137	-0.6283142566680908	0.5121939778327942	0.26629793643951416	0.9355443716049194	0.08426918834447861	0.910396158695221	0.2281149923801422	-0.6418635845184326	0.26743265986442566	-1.6633833646774292	0.12108787149190903	0.14643561840057373	0.08433528244495392	-0.7445502877235413	-1.1268563270568848	0.09656000137329102	-1.183211326599121	1.4393398761749268	0.4836949408054352	-0.4916142225265503	0.22869473695755005	1.2376023530960083	-0.9309812784194946	0.5661312937736511	-0.2886953353881836	-0.3406597375869751	0.1497688591480255	0.34055033326148987	-0.20810838043689728	-0.962094247341156	-0.4441445469856262	0.3606767952442169	-0.26754501461982727	-0.11488345265388489	-0.25406891107559204	-0.5404729247093201
-0.17029957473278046	1.3370839357376099	-1.0666651725769043	0.3344975411891937	0.988756537437439	0.4526236057281494	0.9732149839401245	0.4594281315803528	-0.33692964911460876	0.27847132086753845	-0.022963818162679672	1.481279969215393	0.6132039427757263	0.014010891318321228	0.2769147455692291	0.07169856131076813	0.6375226974487305	0.36612167954444885	-1.035608172416687	-0.18747365474700928	1.136662483215332	0.06495948135852814	-0.7140336632728577	-0.8285365104675293	0.6700974106788635	-0.14398601651191711	-0.1140056774020195	-0.6597288250923157	1.3664029836654663	-0.7632713913917542	-0.06727147102355957	0.14945587515830994	-1.268616795539856	-0.4441484808921814	0.893036961555481	0.8297374844551086	0.9004064798355103	-0.8536711931228638	-1.5307759046554565	-0.28774288296699524	-0.2935229539871216	-0.9466158747673035	-0.07594111561775208	1.6692962646484375	-0.379062294960022	-0.45547598600387573	-0.38622209429740906	-1.03597891330719	0.8980633020401001	-1.408727765083313	0.001569252461194992	1.4492096900939941	-0.9295496940612793	-0.15692368149757385	0.6893579363822937	0.034103624522686005	1.0793555974960327	0.647321343421936	0.39544519782066345	-0.06009393557906151	0.3289909362792969	-0.18663090467453003	0.5604912638664246	0.7340652942657471	1.3459845781326294	0.4173053503036499	-0.332605242729187	0.8948216438293457	1.091766357421875	0.23112669587135315	0.5515569448471069	0.18226675689220428	-0.8287183046340942	0.1841345578432083	-1.6492366790771484	0.14263613522052765	-0.5871337652206421	0.8057586550712585	0.2588473856449127	1.3417092561721802	-0.3872182369232178	-0.04704826697707176	1.083592414855957	0.07188045978546143	-0.7357067465782166	0.00474882498383522	0.8945664167404175	0.6688598990440369	-0.11580544710159302	0.7006160020828247	1.5783932209014893	-1.1523771286010742	-0.7286083102226257	0.4622586965560913	0.011628247797489166	0.7611467242240906	-0.051826491951942444	0.9614713788032532	0.3384093642234802	-0.4440954625606537	0.22632098197937012	-1.6656848192214966	-0.0578741692006588	0.17334741353988647	0.03256036341190338	-0.7983992099761963	-1.176307201385498	-0.17341913282871246	-1.202510118484497	1.2898558378219604	0.49063509702682495	-0.12827381491661072	0.44773948192596436	1.2670618295669556	-0.8663065433502197	0.64661705493927	-0.32038918137550354	-0.3792724907398224	0.1963334083557129	0.06678459048271179	-0.10475797951221466	-0.8709473013877869	-0.5499730706214905	0.30502718687057495	-0.3549245595932007	0.006935032084584236	-0.22505433857440948	-0.8597169518470764
-1.90247642993927	-0.5333091020584106	-2.0002825260162354	2.014301061630249	-0.007521718740463257	-0.42130231857299805	0.8871066570281982	-0.42683011293411255	2.1612706184387207	0.020122826099395752	-1.1049734354019165	-0.4478951394557953	1.7590746879577637	-0.09662305563688278	-2.265460729598999	0.08879251778125763	-2.547443389892578	1.9189015626907349	-0.5157687664031982	-0.17439967393875122	2.113821268081665	0.8778975009918213	1.1428687572479248	-0.28035852313041687	0.9893244504928589	0.6929816603660583	-1.2301801443099976	2.2989656925201416	-0.11225324124097824	1.5064159631729126	2.1220812797546387	-1.4054486751556396	-2.584475517272949	-1.1297941207885742	0.892341136932373	-0.6006225347518921	-1.9411253929138184	1.106186866760254	-0.17245259881019592	1.1181681156158447	3.159105062484741	0.9893215298652649	0.6603590846061707	0.6335547566413879	0.19160789251327515	0.07701648026704788	0.44349417090415955	-1.7737376689910889	1.1832399368286133	2.265249013900757	-1.253311276435852	-0.18885880708694458	-0.7844982743263245	1.5874602794647217	0.797434389591217	-0.04956073313951492	-0.09681607782840729	-2.3362512588500977	-0.8835595846176147	0.6450920104980469	1.5545467138290405	0.8864312171936035	1.1131080389022827	-2.8306617736816406	-1.1065956354141235	-1.9640973806381226	-0.9153979420661926	-2.546478271484375	0.9649301767349243	-0.04073437303304672	3.2401602268218994	-0.4197244644165039	-0.10079547762870789	-1.952910304069519	1.1452620029449463	-2.647711992263794	0.10815953463315964	-1.0193859338760376	-1.3758894205093384	0.5440626740455627	1.712575912475586	0.6778004169464111	0.7772252559661865	-1.4152131080627441	-0.5807880759239197	1.313239574432373	1.4018065929412842	0.8075475692749023	-0.3116004467010498	-1.8434386253356934	0.5021064877510071	-1.6268489360809326	0.6589466333389282	0.5394233465194702	0.007554635405540466	-2.4241273403167725	-0.3987411856651306	-0.2444564700126648	1.5684700012207031	0.8489106893539429	-1.2115343809127808	-1.9539477825164795	-3.852332830429077	1.658671259880066	-0.5211989879608154	-0.45714911818504333	-1.8749322891235352	-2.4196889400482178	-0.9039801955223083	-1.3622573614120483	0.6967257857322693	3.409553289413452	1.7741622924804688	0.3134342432022095	-0.42751234769821167	-0.790866494178772	0.5655786395072937	0.17987507581710815	1.520161509513855	-2.136230707168579	0.7835302352905273	1.651471734046936	1.4395060539245605	-1.7193857431411743	0.7839837670326233	0.8906921744346619	-1.2562814950942993	-3.3019354343414307
0.47485360503196716	0.9123333692550659	-0.1772003024816513	0.24559059739112854	-0.025895535945892334	0.5770015716552734	0.3713766932487488	0.43228623270988464	-0.5575366020202637	0.5574857592582703	-1.2287263870239258	0.865652322769165	0.6183277368545532	0.1309046745300293	0.4353330731391907	0.14292746782302856	0.5275920033454895	0.4598061442375183	0.07045326381921768	0.23146530985832214	0.3103063404560089	0.09548089653253555	-0.21008354425430298	-1.3068349361419678	0.22626839578151703	0.486134797334671	-0.06841696053743362	-0.4454522430896759	0.7931954264640808	-0.3921830654144287	-0.0976925641298294	-0.4470851421356201	0.09304674714803696	0.679598331451416	0.7143374085426331	0.3857260048389435	0.3677355647087097	-0.41580629348754883	-0.775076150894165	0.5856269598007202	-0.7369729280471802	-0.15512430667877197	-0.36856818199157715	1.6184043884277344	0.019695773720741272	0.3621423542499542	-0.13564564287662506	-0.3887147307395935	0.20255059003829956	-1.7144173383712769	0.33471742272377014	1.1088417768478394	0.2712169587612152	-0.29013124108314514	0.16654972732067108	-0.35402730107307434	0.5737835168838501	0.6390818953514099	-0.6262398958206177	-1.0179622173309326	0.03166290000081062	-0.3591000437736511	0.4623818099498749	0.3758092522621155	1.3086947202682495	0.9734945893287659	0.7879471778869629	0.591087818145752	1.0724090337753296	-0.2542392611503601	-0.5022186040878296	0.35984092950820923	-0.9830188751220703	0.45595884323120117	-1.7443863153457642	0.666125476360321	-0.5936568379402161	-0.08549876511096954	-0.2337433397769928	1.5735218524932861	0.7687137126922607	-0.12329462170600891	0.7060959339141846	0.3907182216644287	-0.8459982872009277	0.10245649516582489	0.49526122212409973	0.325104683637619	0.10169047117233276	0.9757320880889893	0.9813441038131714	-0.7622514367103577	-0.10227693617343903	0.3089040517807007	0.9949076771736145	0.4545324146747589	0.33174365758895874	0.5820252895355225	-0.4198172390460968	-0.7490688562393188	0.04035728797316551	-1.1404143571853638	-0.21159909665584564	0.29893356561660767	0.31313151121139526	-0.8666923642158508	-0.7664459943771362	0.4248436391353607	-0.2891097366809845	1.0768470764160156	0.6184144020080566	-0.8080762028694153	-0.32867488265037537	0.8192859292030334	-0.850229024887085	-0.13098041713237762	0.18243131041526794	0.1676291972398758	0.20612457394599915	0.9905608296394348	-0.5396824479103088	-0.23051506280899048	0.2513143718242645	-0.4689115881919861	0.3506697416305542	-0.44405215978622437	-0.4809664487838745	0.16548553109169006
-0.7365623712539673	1.3185782432556152	-1.75843346118927	0.43288564682006836	1.3895697593688965	0.36560893058776855	1.1643428802490234	0.2978098392486572	0.4840402603149414	0.41444528102874756	0.4094066917896271	1.5219920873641968	0.5926617980003357	-0.08325979113578796	-0.08451575040817261	0.08263437449932098	0.3092743754386902	0.46227240562438965	-1.4137203693389893	-0.3321607708930969	1.4964408874511719	0.15083563327789307	-0.5605332255363464	-0.4302065968513489	0.8023894429206848	-0.5789372324943542	-0.2916300892829895	-0.3042857348918915	1.2596195936203003	-0.5532107949256897	0.24853889644145966	0.11765718460083008	-1.95859694480896	-1.0253329277038574	0.9700664281845093	0.6644867062568665	0.46296802163124084	-0.478683739900589	-1.6339308023452759	-0.5689837336540222	0.4051777720451355	-1.2461631298065186	0.09039284288883209	1.5011022090911865	-0.5202595591545105	-1.0120073556900024	-0.48925790190696716	-1.3922392129898071	1.138521432876587	-0.40823155641555786	-0.35074517130851746	1.4845260381698608	-1.4870682954788208	-0.06396473944187164	0.6665862202644348	0.1339189112186432	1.1661765575408936	0.016215957701206207	0.6587758660316467	0.4876135289669037	0.5644584894180298	-0.03036806359887123	0.8355687260627747	0.27286583185195923	0.7125205397605896	-0.3823305368423462	-1.110763430595398	0.3606819808483124	0.9268074631690979	0.2958972752094269	1.6213656663894653	-0.37772902846336365	-0.8322184085845947	-0.2628105580806732	-0.9400740265846252	-0.24852465093135834	-0.5547261834144592	0.5873158574104309	0.25471922755241394	0.9266345500946045	-0.5967775583267212	0.2093532383441925	1.129837989807129	-0.5058658123016357	-0.5595806241035461	0.3449746370315552	1.1965396404266357	0.8878146409988403	-0.48786890506744385	0.14566779136657715	1.664129614830017	-1.368066430091858	-0.7550197839736938	0.7241221070289612	-0.28467169404029846	0.3589700758457184	-0.06886152923107147	1.0208735466003418	1.0840673446655273	-0.10205257683992386	-0.16213907301425934	-2.2059261798858643	-0.598366379737854	0.31259796023368835	-0.09015849232673645	-0.6350418329238892	-1.2882883548736572	-0.9174004793167114	-1.4721139669418335	0.8388970494270325	0.29231733083724976	0.8407493829727173	0.951941967010498	1.2347944974899292	-0.6083502769470215	1.113269329071045	-0.5768821239471436	-0.36455267667770386	0.13637405633926392	-0.8756328225135803	-0.049216534942388535	-0.7446135878562927	-0.7495307922363281	0.1426788717508316	-0.5417899489402771	0.3114795684814453	-0.2008061408996582	-1.8962841033935547
0.20899099111557007	0.889761209487915	-0.450975239276886	0.5653534531593323	0.036722905933856964	0.3093053102493286	0.4304288923740387	0.3439350724220276	-0.2540417015552521	0.3117716312408447	-1.176164150238037	0.7414969205856323	0.8363383412361145	0.1963403820991516	0.0842103511095047	0.019921135157346725	0.18089982867240906	0.628614604473114	-0.13711684942245483	0.16630825400352478	0.6109287738800049	0.34783461689949036	-0.5146934390068054	-1.2331503629684448	0.27576786279678345	0.5748249888420105	-0.4449736177921295	-0.2675847113132477	1.0607589483261108	-0.3973213732242584	0.059027787297964096	-0.2591112554073334	-0.2940307557582855	0.4447194039821625	0.8878836631774902	0.3986542820930481	0.3980492055416107	-0.5933598279953003	-0.7745184898376465	0.6319764852523804	-0.36034101247787476	-0.1352616399526596	-0.31195908784866333	1.6786079406738281	-0.1263551115989685	0.614174485206604	-0.12015925347805023	-0.47142931818962097	0.5325140953063965	-1.6974936723709106	0.1367373913526535	0.9233137369155884	-0.0404491052031517	-0.19162318110466003	0.44233500957489014	-0.07470057904720306	0.7050820589065552	0.6633789539337158	-0.5721827745437622	-0.5733176469802856	-0.014671951532363892	-0.24354076385498047	0.5646059513092041	0.2713885009288788	1.493815541267395	0.7199033498764038	0.5629630088806152	0.4791448712348938	1.1191980838775635	-0.17524048686027527	-0.2808501124382019	0.5053951144218445	-0.8228113651275635	0.31069862842559814	-1.9434171915054321	0.12152062356472015	-0.44062650203704834	-0.043935179710388184	-0.07553483545780182	1.7343518733978271	0.6677274703979492	0.01246708258986473	0.7399349808692932	0.2806902527809143	-1.088489294052124	-0.09563976526260376	0.591248631477356	0.2597961127758026	0.2741904854774475	0.7971643805503845	1.0045952796936035	-1.186065673828125	-0.2717190980911255	0.28317785263061523	0.7519736289978027	0.5413511991500854	0.09902848303318024	0.5669995546340942	-0.30610451102256775	-0.6529731750488281	0.08599171042442322	-1.2236559391021729	-0.5386784076690674	0.4424476623535156	0.03780347481369972	-1.1556967496871948	-1.2070775032043457	0.33128437399864197	-0.35641810297966003	1.171465277671814	0.7597222328186035	-0.615581214427948	-0.046607885509729385	0.9142751693725586	-1.012832522392273	-0.27692413330078125	0.24803410470485687	0.25730717182159424	0.5601420998573303	0.9621205925941467	-0.3486255407333374	-0.22387808561325073	0.34876754879951477	-0.4143277704715729	0.0734495148062706	-0.20719236135482788	-0.5356969237327576	-0.10185736417770386
-2.165733575820923	-0.7885899543762207	-2.1400904655456543	2.30063533782959	-0.03165283799171448	-0.46961086988449097	0.9961787462234497	-0.6100532412528992	2.317046880722046	0.037852197885513306	-1.1277776956558228	-0.5767765045166016	1.9490447044372559	-0.12783634662628174	-2.630079507827759	0.11024752259254456	-2.9135313034057617	2.1101746559143066	-0.4812799096107483	-0.11356702446937561	2.299546480178833	0.9804909229278564	1.4530845880508423	-0.22244679927825928	1.129278540611267	0.823336660861969	-1.3274658918380737	2.6631457805633545	-0.3082553446292877	1.8259717226028442	2.4987196922302246	-1.6659324169158936	-2.8676350116729736	-1.3055163621902466	0.913970410823822	-0.6793648600578308	-2.26322603225708	1.3836548328399658	-0.17487680912017822	1.1814929246902466	3.583489179611206	1.1989893913269043	0.8121042251586914	0.501171886920929	0.25467127561569214	-0.02906998246908188	0.5789013504981995	-1.9809002876281738	1.228978157043457	2.7616946697235107	-1.3648573160171509	-0.36110275983810425	-0.8292942047119141	1.8975026607513428	0.9089205861091614	-0.10686475783586502	-0.30862778425216675	-2.790299654006958	-0.9956245422363281	0.672656774520874	1.8114650249481201	1.0152456760406494	1.174559473991394	-3.34137225151062	-1.4595146179199219	-2.2268550395965576	-1.0348374843597412	-2.934568405151367	0.9029414057731628	-0.060386814177036285	3.63596248626709	-0.576996922492981	0.03922489285469055	-2.2345569133758545	1.5962803363800049	-2.988499879837036	0.16725613176822662	-1.1247705221176147	-1.6286122798919678	0.35468819737434387	1.905745506286621	0.7919978499412537	0.824890673160553	-1.5682905912399292	-0.5151979923248291	1.5042219161987305	1.5237936973571777	0.8552599549293518	-0.3535972833633423	-2.211841344833374	0.34496960043907166	-1.6607950925827026	0.9019250273704529	0.627386748790741	-0.005853116512298584	-2.8470778465270996	-0.48671776056289673	-0.4370960295200348	1.8063597679138184	1.0787070989608765	-1.3924270868301392	-1.9815387725830078	-4.284901142120361	1.871127724647522	-0.6013548970222473	-0.2939704954624176	-1.8959852457046509	-2.7380542755126953	-0.9795599579811096	-1.7351977825164795	0.7398020029067993	3.9364070892333984	2.0123748779296875	0.23578642308712006	-0.29874080419540405	-0.9494925737380981	0.6793626546859741	0.18187743425369263	1.6057918071746826	-2.5740041732788086	0.9971551895141602	1.9106420278549194	1.694886565208435	-1.9274771213531494	1.0560110807418823	0.9613434076309204	-1.3307424783706665	-3.668544292449951
-0.17734700441360474	1.2639048099517822	-0.9946425557136536	0.322146475315094	0.9104337692260742	0.47995030879974365	0.9247763156890869	0.4569886028766632	-0.31785792112350464	0.3143068850040436	-0.06364032626152039	1.3948920965194702	0.5699489116668701	0.03139287233352661	0.28016239404678345	0.07044349610805511	0.5890932083129883	0.3658354878425598	-0.9612016081809998	-0.14212846755981445	1.101198434829712	0.05388602614402771	-0.6224455237388611	-0.8038341403007507	0.6360242962837219	-0.11498057842254639	-0.05728182941675186	-0.5913249850273132	1.2959777116775513	-0.6889737248420715	-0.04874483123421669	0.10301873087882996	-1.1610575914382935	-0.42892593145370483	0.8338134288787842	0.8059920072555542	0.7905793190002441	-0.780174732208252	-1.4540841579437256	-0.2411811649799347	-0.27171391248703003	-0.8905676007270813	-0.06603477895259857	1.5903477668762207	-0.33498048782348633	-0.42566239833831787	-0.3255981504917145	-0.9753909111022949	0.8321805596351624	-1.3089425563812256	-0.013248451054096222	1.3944398164749146	-0.8247306942939758	-0.16190019249916077	0.6316908001899719	0.017597248777747154	1.0491580963134766	0.5886664986610413	0.36616089940071106	-0.10059989988803864	0.34953808784484863	-0.1719043254852295	0.529151201248169	0.6812800765037537	1.274399995803833	0.403301477432251	-0.2759798765182495	0.8306342363357544	1.039623498916626	0.19949138164520264	0.48674702644348145	0.1740523725748062	-0.7734321355819702	0.1817832589149475	-1.5454978942871094	0.15284015238285065	-0.5770856738090515	0.7053861021995544	0.2011827528476715	1.29696524143219	-0.30758124589920044	-0.03644781932234764	1.0287551879882812	0.046944510191679	-0.7105152010917664	0.02984238788485527	0.8565841913223267	0.6625933051109314	-0.1285637617111206	0.6578539609909058	1.4859658479690552	-1.089720368385315	-0.6626523733139038	0.45683619379997253	0.05233369022607803	0.6662392020225525	-0.03058236837387085	0.911816418170929	0.3043760359287262	-0.42598894238471985	0.20652660727500916	-1.6029932498931885	-0.06310368329286575	0.18593542277812958	0.04194023460149765	-0.7804824709892273	-1.0809214115142822	-0.18065354228019714	-1.1293885707855225	1.1972780227661133	0.4560398459434509	-0.0918557420372963	0.4462360441684723	1.2146506309509277	-0.8042958974838257	0.6050387620925903	-0.3335872292518616	-0.3491384983062744	0.17608585953712463	0.03851570188999176	-0.11006619036197662	-0.7636045217514038	-0.5240843296051025	0.2534794509410858	-0.2961203157901764	-0.040033042430877686	-0.2614966034889221	-0.8475592732429504
-0.263240784406662	1.3329176902770996	-1.1357125043869019	0.2870325744152069	1.0782246589660645	0.48373913764953613	1.0013259649276733	0.4546307921409607	-0.2717381715774536	0.32423314452171326	0.10390973091125488	1.5021973848342896	0.5265235900878906	-0.018829140812158585	0.2853814959526062	0.0601266585290432	0.6423642635345459	0.31495916843414307	-1.1066447496414185	-0.20281508564949036	1.1766979694366455	0.04057680070400238	-0.6534361839294434	-0.7177675366401672	0.6739806532859802	-0.2594701647758484	-0.049234747886657715	-0.6431944966316223	1.3473542928695679	-0.7286673784255981	-0.0578940249979496	0.15452955663204193	-1.343544840812683	-0.5436773896217346	0.8538498878479004	0.8218878507614136	0.8442565202713013	-0.8207874298095703	-1.5593279600143433	-0.40803009271621704	-0.2301294058561325	-1.0203979015350342	-0.043103236705064774	1.597646951675415	-0.38735663890838623	-0.5783188343048096	-0.37845537066459656	-1.0729175806045532	0.8923263549804688	-1.22149658203125	-0.05681387707591057	1.4798266887664795	-1.0117753744125366	-0.1574850082397461	0.661717414855957	0.050570517778396606	1.097822666168213	0.5717228651046753	0.485861599445343	0.024244260042905807	0.34679076075553894	-0.13427633047103882	0.5447704195976257	0.6954832673072815	1.2479661703109741	0.307242751121521	-0.4882204830646515	0.8728504180908203	1.0380653142929077	0.22738802433013916	0.7014738321304321	0.09026287496089935	-0.7930324673652649	0.12793192267417908	-1.5120227336883545	0.15227371454238892	-0.6090383529663086	0.8062010407447815	0.257752001285553	1.1938234567642212	-0.4638526737689972	-0.009819354861974716	1.0701732635498047	-0.004368476569652557	-0.6726645827293396	0.06081807240843773	0.9216185808181763	0.7191417813301086	-0.1852622628211975	0.617194414138794	1.5953667163848877	-1.1180007457733154	-0.7336417436599731	0.5006020069122314	-0.09141530841588974	0.7121609449386597	-0.04617331922054291	0.9823043942451477	0.4524839222431183	-0.3949664235115051	0.1959933638572693	-1.7030813694000244	-0.04121480509638786	0.18169644474983215	0.022997736930847168	-0.7137768268585205	-1.1136350631713867	-0.2855559289455414	-1.2483406066894531	1.1862119436264038	0.41734087467193604	0.006720848381519318	0.5379729270935059	1.2718974351882935	-0.7723639011383057	0.7495890259742737	-0.4065943658351898	-0.41982513666152954	0.12377884238958359	-0.11281736940145493	-0.10088403522968292	-0.8618836402893066	-0.6627835631370544	0.3091754615306854	-0.3969571590423584	0.041550666093826294	-0.1969282478094101	-1.0215458869934082
-0.3059525191783905	1.5524507761001587	-1.2822123765945435	0.11888240277767181	1.3508025407791138	0.5247840285301208	1.1296045780181885	0.5339609980583191	-0.32959839701652527	0.37363961338996887	0.38705846667289734	1.8174875974655151	0.4562024772167206	-0.1165739893913269	0.3947170376777649	0.03949063643813133	0.9142367839813232	0.23054145276546478	-1.318148136138916	-0.35446682572364807	1.2355329990386963	-0.08575762808322906	-0.8995832204818726	-0.639575183391571	0.7454615831375122	-0.4484502375125885	0.010859265923500061	-0.9291926026344299	1.5119284391403198	-1.016640305519104	-0.1481277495622635	0.2774880528450012	-1.614618182182312	-0.6474481821060181	0.9624108076095581	0.9188603758811951	1.128951072692871	-0.9257410764694214	-1.8911820650100708	-0.7564417123794556	-0.4235619306564331	-1.3515093326568604	-0.07827548682689667	1.7077666521072388	-0.5613725185394287	-0.8650714159011841	-0.4958741366863251	-1.1893868446350098	0.9016920328140259	-1.357835054397583	-0.01867644116282463	1.7253276109695435	-1.3076753616333008	-0.222569078207016	0.6918953657150269	0.10405702143907547	1.2239538431167603	0.7029315233230591	0.7279181480407715	0.16841621696949005	0.28715187311172485	-0.17485621571540833	0.5965068936347961	0.9104750156402588	1.3392165899276733	0.27230870723724365	-0.7492451667785645	1.1402992010116577	1.0373634099960327	0.2023923099040985	0.8716179728507996	-0.03204142302274704	-1.0039317607879639	0.2330307513475418	-1.5173805952072144	0.33455562591552734	-0.6722134351730347	1.070121169090271	0.4997456967830658	1.1234691143035889	-0.749627947807312	-0.012348417192697525	1.154034972190857	-0.049829572439193726	-0.6573644280433655	0.032649386674165726	1.0301799774169922	0.7538235187530518	-0.26564204692840576	0.7461855411529541	1.833204984664917	-1.161774754524231	-0.8803427815437317	0.6318883299827576	-0.20648431777954102	0.9676966071128845	0.02985537052154541	1.1271443367004395	0.6720296144485474	-0.4818233549594879	0.23970133066177368	-1.894758939743042	0.19421598315238953	0.08500754833221436	0.04911519214510918	-0.5591920018196106	-1.1038711071014404	-0.27730780839920044	-1.4763177633285522	1.3443636894226074	0.3455570340156555	-0.05287566035985947	0.5779287219047546	1.3934646844863892	-0.7549059391021729	1.0701149702072144	-0.552562952041626	-0.5832928419113159	-0.004576016217470169	-0.22359099984169006	-0.1540185958147049	-1.2119121551513672	-0.8926993608474731	0.4905906915664673	-0.601965606212616	0.0994606465101242	-0.04798394441604614	-1.1359443664550781
-1.7290730476379395	-0.3860948979854584	-1.8660207986831665	1.8256489038467407	-0.03089803457260132	-0.367683470249176	0.8069503307342529	-0.30580297112464905	2.0429766178131104	0.020740389823913574	-1.1403374671936035	-0.38021472096443176	1.62041175365448	-0.07583936303853989	-2.0132017135620117	0.06598739326000214	-2.297781467437744	1.8016149997711182	-0.5042664408683777	-0.18229852616786957	1.9657279253005981	0.7957799434661865	0.9483606219291687	-0.32688087224960327	0.8859691023826599	0.6388747096061707	-1.1618086099624634	2.0717263221740723	0.013816321268677711	1.2768542766571045	1.8777272701263428	-1.2534708976745605	-2.3678221702575684	-1.0069735050201416	0.8656145334243774	-0.5165424942970276	-1.7282555103302002	0.9051382541656494	-0.1569634974002838	1.0990312099456787	2.849050283432007	0.88395756483078	0.5739748477935791	0.7253084182739258	0.16480764746665955	0.170055091381073	0.3678952753543854	-1.594572901725769	1.135133981704712	1.904250979423523	-1.1555441617965698	-0.10497158765792847	-0.7350284457206726	1.3947577476501465	0.7402245402336121	0.006337156519293785	0.0031670890748500824	-2.0450940132141113	-0.8219455480575562	0.5844138860702515	1.3594259023666382	0.8046611547470093	1.0620441436767578	-2.4997003078460693	-0.8490084409713745	-1.730995774269104	-0.8125786781311035	-2.2749762535095215	0.9922479391098022	-0.023302927613258362	2.9277045726776123	-0.3140607476234436	-0.19492217898368835	-1.7292001247406006	0.826730489730835	-2.385868787765503	0.08667933195829391	-0.9558911919593811	-1.2336755990982056	0.6871660947799683	1.6123239994049072	0.60911625623703	0.7289814949035645	-1.2941467761993408	-0.6434675455093384	1.1749638319015503	1.3063232898712158	0.7592578530311584	-0.28130263090133667	-1.603166103363037	0.5778710842132568	-1.592971682548523	0.5399489998817444	0.48388269543647766	0.023732077330350876	-2.1466705799102783	-0.3357883095741272	-0.12642961740493774	1.395658254623413	0.7025452852249146	-1.0914055109024048	-1.8736653327941895	-3.5452053546905518	1.5310102701187134	-0.4856417179107666	-0.5489595532417297	-1.8320817947387695	-2.1705141067504883	-0.8196180462837219	-1.1206421852111816	0.6959496736526489	3.0175929069519043	1.5829353332519531	0.37806329131126404	-0.5182106494903564	-0.7106497287750244	0.5063783526420593	0.18458345532417297	1.4678524732589722	-1.818385362625122	0.6303166747093201	1.4922670125961304	1.2789676189422607	-1.6084253787994385	0.6245872378349304	0.8088549971580505	-1.2016385793685913	-3.039790630340576
